{
    "textures": {
        "barrel": "block/coal_block",
        "midmet": "block/wool_colored_gray",
        "laserdot": "block/nether_wart",
        "scope": "block/glass",
        "altbarrel": "block/anvil_base",
        "handle": "block/stonebrick_carved",
        "body": "block/wool_colored_black"
    },
    "elements": [
        {
            "from": [3,0.5,7.5],
            "to": [5,5.5,8.5],
            "faces": {
                "down": {
                    "texture": "#barrel"
                },
                "west": {
                    "uv": [7,0,10,16],
                    "texture": "#midmet"
                },
                "east": {
                    "uv": [15,9.5,16,14.5],
                    "texture": "#midmet"
                },
                "north": {
                    "uv": [12,9,16,16],
                    "texture": "#midmet"
                },
                "south": {
                    "uv": [8,9,12,16],
                    "texture": "#midmet"
                }
            }
        },
        {
            "from": [2.25,0.5,7.6],
            "to": [3,4,8.400001],
            "faces": {
                "up": {
                    "texture": "#altbarrel"
                },
                "down": {
                    "texture": "#altbarrel"
                },
                "west": {
                    "texture": "#altbarrel"
                },
                "north": {
                    "uv": [15,8,16,14],
                    "texture": "#midmet"
                },
                "south": {
                    "uv": [15,6,16,11],
                    "texture": "#midmet"
                }
            }
        },
        {
            "from": [1.75,0,7.5],
            "to": [4.75,0.5,8.5],
            "faces": {
                "up": {
                    "texture": "#barrel"
                },
                "down": {
                    "texture": "#barrel"
                },
                "west": {
                    "texture": "#barrel"
                },
                "east": {
                    "texture": "#barrel"
                },
                "north": {
                    "texture": "#barrel"
                },
                "south": {
                    "texture": "#barrel"
                }
            }
        },
        {
            "from": [5,2,7.5],
            "to": [5.5,5.5,8.5],
            "faces": {
                "down": {
                    "texture": "#midmet"
                },
                "east": {
                    "texture": "#midmet"
                },
                "north": {
                    "uv": [15,9,16,14],
                    "texture": "#midmet"
                },
                "south": {
                    "uv": [15,9,16,14],
                    "texture": "#midmet"
                }
            }
        },
        {
            "from": [5.5,3,7.5],
            "to": [6,5.5,8.5],
            "faces": {
                "down": {
                    "texture": "#midmet"
                },
                "east": {
                    "uv": [14,8,16,12],
                    "texture": "#altbarrel"
                },
                "north": {
                    "uv": [15,10,16,14],
                    "texture": "#midmet"
                },
                "south": {
                    "uv": [15,9,16,14],
                    "texture": "#midmet"
                }
            }
        },
        {
            "from": [6,4,7.75],
            "to": [7.5,4.25,8.25],
            "faces": {
                "up": {
                    "texture": "#altbarrel"
                },
                "down": {
                    "texture": "#altbarrel"
                },
                "east": {
                    "texture": "#altbarrel"
                },
                "north": {
                    "texture": "#altbarrel"
                },
                "south": {
                    "texture": "#altbarrel"
                }
            }
        },
        {
            "from": [2,7,8.75],
            "to": [5.5,7.5,9.25],
            "faces": {
                "up": {
                    "uv": [7,4,8,5],
                    "texture": "#barrel"
                },
                "down": {
                    "uv": [8,9,9,10],
                    "texture": "#barrel"
                },
                "west": {
                    "uv": [12,10,13,11],
                    "texture": "#barrel"
                },
                "east": {
                    "texture": "#barrel"
                },
                "north": {
                    "uv": [11,10,12,11],
                    "texture": "#barrel"
                },
                "south": {
                    "uv": [9,10,10,11],
                    "texture": "#barrel"
                }
            }
        },
        {
            "from": [2.75,5.5,7],
            "to": [15,8.25,9],
            "faces": {
                "up": {
                    "uv": [8,7,12,8],
                    "texture": "#body"
                },
                "down": {
                    "uv": [2,12,6,13],
                    "texture": "#body"
                },
                "west": {
                    "uv": [14,12,16,16],
                    "texture": "#barrel"
                },
                "east": {
                    "uv": [10,12,12,13],
                    "texture": "#body"
                },
                "north": {
                    "uv": [13,9,3,12],
                    "texture": "#body"
                },
                "south": {
                    "uv": [3,9,13,12],
                    "texture": "#body"
                }
            }
        },
        {
            "from": [1.25,5.75,7.25],
            "to": [2.75,8,8.75],
            "faces": {
                "up": {
                    "uv": [13,8,15,10],
                    "texture": "#barrel"
                },
                "down": {
                    "uv": [9.25,7,12,8],
                    "texture": "#barrel"
                },
                "west": {
                    "uv": [9,7,11,10],
                    "texture": "#barrel"
                },
                "north": {
                    "uv": [10,9,12,13],
                    "texture": "#body"
                },
                "south": {
                    "uv": [10,9,12,13],
                    "texture": "#body"
                }
            }
        },
        {
            "from": [8.5,6.75,8.25],
            "to": [11.5,7.25,9.25],
            "faces": {
                "up": {
                    "uv": [11,5,14,6],
                    "texture": "#altbarrel"
                },
                "west": {
                    "texture": "#altbarrel"
                },
                "east": {
                    "texture": "#altbarrel"
                },
                "north": {
                    "uv": [10,8,13,9],
                    "texture": "#altbarrel"
                },
                "south": {
                    "uv": [5,10,15,11],
                    "texture": "#altbarrel"
                }
            }
        },
        {
            "from": [30.5,6.4,7.4],
            "to": [31.7,7.6,8.6],
            "faces": {
                "up": {
                    "uv": [10,10,11,11],
                    "texture": "#barrel"
                },
                "down": {
                    "uv": [10,10,11,11],
                    "texture": "#barrel"
                },
                "west": {
                    "texture": "#barrel"
                },
                "east": {
                    "uv": [6,3,7,4],
                    "texture": "#barrel"
                },
                "north": {
                    "uv": [10,10,11,11],
                    "texture": "#barrel"
                },
                "south": {
                    "uv": [4,9,5,10],
                    "texture": "#midmet"
                }
            }
        },
        {
            "from": [1.75,0.5,7.6],
            "to": [2.25,2.5,8.400001],
            "faces": {
                "up": {
                    "texture": "#altbarrel"
                },
                "down": {
                    "texture": "#altbarrel"
                },
                "west": {
                    "texture": "#altbarrel"
                },
                "north": {
                    "uv": [15,0,16,7],
                    "texture": "#midmet"
                },
                "south": {
                    "uv": [15,10,16,14],
                    "texture": "#midmet"
                }
            }
        },
        {
            "from": [6.5,4.5,7.75],
            "to": [6.75,5.5,8.25],
            "faces": {
                "down": {
                    "texture": "#barrel"
                },
                "west": {
                    "texture": "#barrel"
                },
                "east": {
                    "texture": "#barrel"
                },
                "north": {
                    "texture": "#barrel"
                },
                "south": {
                    "uv": [15,15,16,16],
                    "texture": "#barrel"
                }
            }
        },
        {
            "from": [8.25,6.5,8.15],
            "to": [11.75,7.5,9.15],
            "faces": {
                "up": {
                    "uv": [11,5,14,6],
                    "texture": "#altbarrel"
                },
                "west": {
                    "texture": "#barrel"
                },
                "east": {
                    "texture": "#barrel"
                },
                "north": {
                    "uv": [10,8,13,9],
                    "texture": "#altbarrel"
                },
                "south": {
                    "uv": [10.75,15,16,16],
                    "texture": "#midmet"
                }
            }
        },
        {
            "from": [8.5,3.5,7.5],
            "to": [12,5.5,8.5],
            "faces": {
                "down": {
                    "texture": "#handle"
                },
                "west": {
                    "uv": [14,13,16,16],
                    "texture": "#handle"
                },
                "east": {
                    "uv": [15,9.5,16,14.5],
                    "texture": "#handle"
                },
                "north": {
                    "uv": [9,3,15,12],
                    "texture": "#handle"
                },
                "south": {
                    "uv": [0,3,6,12],
                    "texture": "#handle"
                }
            }
        },
        {
            "from": [8.5,2.25,7.5],
            "to": [12,3.5,8.5],
            "faces": {
                "up": {
                    "texture": "#handle"
                },
                "down": {
                    "texture": "#handle"
                },
                "west": {
                    "uv": [7,14,9,16],
                    "texture": "#handle"
                },
                "east": {
                    "uv": [14,11,16,15.5],
                    "texture": "#handle"
                },
                "north": {
                    "uv": [9,3,15,12],
                    "texture": "#handle"
                },
                "south": {
                    "uv": [0,3,5,12],
                    "texture": "#handle"
                }
            }
        },
        {
            "from": [9.75,1.75,7.5],
            "to": [12,2.25,8.5],
            "faces": {
                "up": {
                    "texture": "#handle"
                },
                "down": {
                    "texture": "#handle"
                },
                "west": {
                    "uv": [8,13,11,16],
                    "texture": "#handle"
                },
                "east": {
                    "uv": [14,14,16,16],
                    "texture": "#handle"
                },
                "north": {
                    "uv": [10,3,15,12],
                    "texture": "#handle"
                },
                "south": {
                    "uv": [0,6,6,9],
                    "texture": "#handle"
                }
            }
        },
        {
            "from": [8.25,4.5,7.25],
            "to": [12.25,5.5,8.75],
            "faces": {
                "down": {
                    "texture": "#barrel"
                },
                "west": {
                    "uv": [10,9,16,16],
                    "texture": "#barrel"
                },
                "east": {
                    "uv": [15,12.25,16,14.5],
                    "texture": "#barrel"
                },
                "north": {
                    "uv": [8,12,16,16],
                    "texture": "#barrel"
                },
                "south": {
                    "uv": [8,12,16,16],
                    "texture": "#barrel"
                }
            }
        },
        {
            "from": [4.5,7,6.75],
            "to": [11.75,8,8.25],
            "faces": {
                "up": {
                    "uv": [6.5,14,16,16],
                    "texture": "#handle"
                },
                "down": {
                    "uv": [10,15,16,16],
                    "texture": "#barrel"
                },
                "west": {
                    "uv": [14,12,16,16],
                    "texture": "#handle"
                },
                "east": {
                    "uv": [14.25,12.75,15.75,15.5],
                    "texture": "#handle"
                },
                "north": {
                    "uv": [3,11,12,14],
                    "texture": "#handle"
                },
                "south": {
                    "uv": [2.75,12.75,16,16],
                    "texture": "#barrel"
                }
            }
        },
        {
            "from": [15,6,7],
            "to": [18.75,8,9],
            "faces": {
                "up": {
                    "uv": [4,10,7,12],
                    "texture": "#body"
                },
                "down": {
                    "uv": [6,13,10,14],
                    "texture": "#body"
                },
                "west": {
                    "uv": [14,12,16,16],
                    "texture": "#barrel"
                },
                "east": {
                    "uv": [10,5,11,6],
                    "texture": "#body"
                },
                "north": {
                    "uv": [10,11,12,13],
                    "texture": "#body"
                },
                "south": {
                    "uv": [10,11,12,13],
                    "texture": "#body"
                }
            }
        },
        {
            "from": [18.75,6.5,7.5],
            "to": [30.5,7.5,8.5],
            "faces": {
                "up": {
                    "uv": [2,6,16,7],
                    "texture": "#midmet",
                    "rotation": 90
                },
                "down": {
                    "uv": [2,6,13,7],
                    "texture": "#midmet",
                    "rotation": 90
                },
                "west": {
                    "uv": [14,12,16,16],
                    "texture": "#barrel"
                },
                "east": {
                    "uv": [14.25,12.75,15.75,15.5],
                    "texture": "#barrel"
                },
                "north": {
                    "uv": [2,6,12,7],
                    "texture": "#midmet",
                    "rotation": 90
                },
                "south": {
                    "uv": [2,6,10,7],
                    "texture": "#midmet",
                    "rotation": 90
                }
            }
        },
        {
            "from": [-0.75,5,7.25],
            "to": [1.25,8,8.75],
            "faces": {
                "up": {
                    "uv": [13,8,15,10],
                    "texture": "#barrel"
                },
                "down": {
                    "uv": [9.25,7,12,8],
                    "texture": "#barrel"
                },
                "west": {
                    "uv": [9,7,11,10],
                    "texture": "#barrel"
                },
                "east": {
                    "texture": "#barrel"
                },
                "north": {
                    "uv": [10,9,12,13],
                    "texture": "#body"
                },
                "south": {
                    "uv": [10,9,12,13],
                    "texture": "#body"
                }
            }
        },
        {
            "from": [-3.75,4.25,7],
            "to": [-0.75,8.25,9],
            "faces": {
                "up": {
                    "uv": [13,8,15,10],
                    "texture": "#barrel"
                },
                "down": {
                    "uv": [9.25,7,12,8],
                    "texture": "#barrel"
                },
                "west": {
                    "uv": [9,7,11,10],
                    "texture": "#barrel"
                },
                "east": {
                    "texture": "#barrel"
                },
                "north": {
                    "uv": [10,9,12,13],
                    "texture": "#body"
                },
                "south": {
                    "uv": [10,9,12,13],
                    "texture": "#body"
                }
            }
        },
        {
            "from": [-7,3.25,7],
            "to": [-3.75,8.25,9],
            "faces": {
                "up": {
                    "uv": [13,8,15,10],
                    "texture": "#barrel"
                },
                "down": {
                    "uv": [9.25,7,12,8],
                    "texture": "#barrel"
                },
                "west": {
                    "uv": [9,7,11,10],
                    "texture": "#barrel"
                },
                "east": {
                    "texture": "#barrel"
                },
                "north": {
                    "uv": [4,8,2,11],
                    "texture": "#body"
                },
                "south": {
                    "uv": [2,8,4,11],
                    "texture": "#body"
                }
            }
        },
        {
            "from": [3,8.25,7.5],
            "to": [15.25,8.75,8.5],
            "faces": {
                "up": {
                    "uv": [0,0,2,16],
                    "texture": "#midmet",
                    "rotation": 90
                },
                "down": {
                    "uv": [10,15,16,16],
                    "texture": "#barrel"
                },
                "west": {
                    "uv": [14,12,16,16],
                    "texture": "#barrel"
                },
                "east": {
                    "uv": [14.25,12.75,15.75,15.5],
                    "texture": "#barrel"
                },
                "north": {
                    "uv": [0,13,16,16],
                    "texture": "#handle"
                },
                "south": {
                    "uv": [0,13.25,16,16],
                    "texture": "#handle"
                }
            }
        },
        {
            "from": [7.25,4.25,7.75],
            "to": [7.5,5.5,8.25],
            "faces": {
                "up": {
                    "texture": "#altbarrel"
                },
                "down": {
                    "texture": "#altbarrel"
                },
                "east": {
                    "texture": "#altbarrel"
                },
                "north": {
                    "texture": "#altbarrel"
                },
                "south": {
                    "texture": "#altbarrel"
                }
            }
        },
        {
            "from": [7.75,7.25,9],
            "to": [8.5,7.75,9.5],
            "faces": {
                "up": {
                    "uv": [11,5,12,6],
                    "texture": "#barrel"
                },
                "down": {
                    "uv": [8,9,9,10],
                    "texture": "#barrel"
                },
                "west": {
                    "uv": [10,10,11,11],
                    "texture": "#barrel"
                },
                "east": {
                    "texture": "#barrel"
                },
                "north": {
                    "uv": [11,10,12,11],
                    "texture": "#barrel"
                },
                "south": {
                    "uv": [9,10,10,11],
                    "texture": "#barrel"
                }
            }
        },
        {
            "from": [5,7.25,6.5],
            "to": [5.5,7.75,7],
            "faces": {
                "up": {
                    "uv": [11,5,12,6],
                    "texture": "#barrel"
                },
                "down": {
                    "uv": [8,9,9,10],
                    "texture": "#barrel"
                },
                "west": {
                    "uv": [10,10,11,11],
                    "texture": "#barrel"
                },
                "east": {
                    "texture": "#barrel"
                },
                "north": {
                    "uv": [11,10,12,11],
                    "texture": "#barrel"
                },
                "south": {
                    "uv": [9,10,10,11],
                    "texture": "#barrel"
                }
            }
        },
        {
            "from": [18.75,6.25,7.25],
            "to": [19.5,7.75,8.75],
            "faces": {
                "up": {
                    "uv": [11,5,12,6],
                    "texture": "#barrel"
                },
                "down": {
                    "uv": [8,9,9,10],
                    "texture": "#barrel"
                },
                "west": {
                    "uv": [10,10,11,11],
                    "texture": "#barrel"
                },
                "east": {
                    "texture": "#barrel"
                },
                "north": {
                    "uv": [11,10,12,11],
                    "texture": "#barrel"
                },
                "south": {
                    "uv": [9,10,10,11],
                    "texture": "#barrel"
                }
            }
        },
        {
            "from": [18.75,5,7.75],
            "to": [19.25,6.25,8.25],
            "faces": {
                "up": {
                    "uv": [11,5,12,6],
                    "texture": "#barrel"
                },
                "down": {
                    "uv": [8,9,9,10],
                    "texture": "#barrel"
                },
                "west": {
                    "uv": [10,10,11,11],
                    "texture": "#barrel"
                },
                "east": {
                    "texture": "#barrel"
                },
                "north": {
                    "uv": [11,10,12,11],
                    "texture": "#barrel"
                },
                "south": {
                    "uv": [9,10,10,11],
                    "texture": "#barrel"
                }
            }
        },
        {
            "from": [13,5,8.25],
            "to": [18.75,5.25,8.5],
            "faces": {
                "up": {
                    "uv": [11,5,12,6],
                    "texture": "#barrel"
                },
                "down": {
                    "uv": [8,9,9,10],
                    "texture": "#barrel"
                },
                "west": {
                    "uv": [10,10,11,11],
                    "texture": "#barrel"
                },
                "east": {
                    "texture": "#barrel"
                },
                "north": {
                    "uv": [11,10,12,11],
                    "texture": "#barrel"
                },
                "south": {
                    "uv": [9,10,10,11],
                    "texture": "#barrel"
                }
            }
        },
        {
            "from": [13,5,7.5],
            "to": [18.75,5.25,7.75],
            "faces": {
                "up": {
                    "uv": [11,5,12,6],
                    "texture": "#barrel"
                },
                "down": {
                    "uv": [8,9,9,10],
                    "texture": "#barrel"
                },
                "west": {
                    "uv": [10,10,11,11],
                    "texture": "#barrel"
                },
                "east": {
                    "texture": "#barrel"
                },
                "north": {
                    "uv": [11,10,12,11],
                    "texture": "#barrel"
                },
                "south": {
                    "uv": [9,10,10,11],
                    "texture": "#barrel"
                }
            }
        },
        {
            "from": [12.75,4.25,8.25],
            "to": [13,5.25,8.75],
            "faces": {
                "up": {
                    "uv": [11,5,12,6],
                    "texture": "#barrel"
                },
                "down": {
                    "uv": [8,9,9,10],
                    "texture": "#barrel"
                },
                "west": {
                    "uv": [10,10,11,11],
                    "texture": "#barrel"
                },
                "east": {
                    "texture": "#barrel"
                },
                "north": {
                    "uv": [11,10,12,11],
                    "texture": "#barrel"
                },
                "south": {
                    "uv": [9,10,10,11],
                    "texture": "#barrel"
                }
            }
        },
        {
            "from": [12.75,4.25,7.25],
            "to": [13,5.25,7.75],
            "faces": {
                "up": {
                    "uv": [11,5,12,6],
                    "texture": "#barrel"
                },
                "down": {
                    "uv": [8,9,9,10],
                    "texture": "#barrel"
                },
                "west": {
                    "uv": [10,10,11,11],
                    "texture": "#barrel"
                },
                "east": {
                    "texture": "#barrel"
                },
                "north": {
                    "uv": [11,10,12,11],
                    "texture": "#barrel"
                },
                "south": {
                    "uv": [9,10,10,11],
                    "texture": "#barrel"
                }
            }
        },
        {
            "from": [11.25,9,9],
            "to": [15.25,11,9.25],
            "faces": {
                "up": {
                    "uv": [11,5,12,6],
                    "texture": "#barrel"
                },
                "down": {
                    "uv": [8,9,9,10],
                    "texture": "#barrel"
                },
                "west": {
                    "uv": [10,10,11,11],
                    "texture": "#barrel"
                },
                "east": {
                    "texture": "#barrel"
                },
                "north": {
                    "uv": [11,10,12,11],
                    "texture": "#barrel"
                },
                "south": {
                    "uv": [9,10,10,11],
                    "texture": "#barrel"
                }
            }
        },
        {
            "from": [11.25,9,6.75],
            "to": [15.25,11,7],
            "faces": {
                "up": {
                    "uv": [11,5,12,6],
                    "texture": "#barrel"
                },
                "down": {
                    "uv": [8,9,9,10],
                    "texture": "#barrel"
                },
                "west": {
                    "uv": [10,10,11,11],
                    "texture": "#barrel"
                },
                "east": {
                    "texture": "#barrel"
                },
                "north": {
                    "uv": [11,10,12,11],
                    "texture": "#barrel"
                },
                "south": {
                    "uv": [9,10,10,11],
                    "texture": "#barrel"
                }
            }
        },
        {
            "from": [11.25,8.75,7],
            "to": [15.25,9,9],
            "faces": {
                "up": {
                    "uv": [11,5,12,6],
                    "texture": "#barrel"
                },
                "down": {
                    "uv": [8,9,9,10],
                    "texture": "#barrel"
                },
                "west": {
                    "uv": [10,10,11,11],
                    "texture": "#barrel"
                },
                "east": {
                    "texture": "#barrel"
                },
                "north": {
                    "uv": [11,10,12,11],
                    "texture": "#barrel"
                },
                "south": {
                    "uv": [9,10,10,11],
                    "texture": "#barrel"
                }
            }
        },
        {
            "from": [11.25,11,7],
            "to": [15.25,11.25,9],
            "faces": {
                "up": {
                    "uv": [11,5,12,6],
                    "texture": "#barrel"
                },
                "down": {
                    "uv": [8,9,9,10],
                    "texture": "#barrel"
                },
                "west": {
                    "uv": [10,10,11,11],
                    "texture": "#barrel"
                },
                "east": {
                    "texture": "#barrel"
                },
                "north": {
                    "uv": [11,10,12,11],
                    "texture": "#barrel"
                },
                "south": {
                    "uv": [9,10,10,11],
                    "texture": "#barrel"
                }
            }
        },
        {
            "from": [7.25,10.75,7.25],
            "to": [11.25,11,8.75],
            "faces": {
                "down": {
                    "uv": [8,9,9,10],
                    "texture": "#barrel"
                },
                "west": {
                    "uv": [10,10,11,11],
                    "texture": "#barrel"
                },
                "east": {
                    "texture": "#barrel"
                }
            }
        },
        {
            "from": [7.25,9,8.75],
            "to": [11.25,11,9],
            "faces": {
                "west": {
                    "uv": [10,10,11,11],
                    "texture": "#barrel"
                },
                "east": {
                    "texture": "#barrel"
                },
                "north": {
                    "uv": [11,10,12,11],
                    "texture": "#barrel"
                }
            }
        },
        {
            "from": [7.25,9,7],
            "to": [11.25,11,9],
            "faces": {
                "up": {
                    "texture": "#barrel"
                },
                "down": {
                    "texture": "#barrel"
                },
                "north": {
                    "uv": [8,12,16,16],
                    "texture": "#barrel"
                },
                "south": {
                    "uv": [9,10,16,13],
                    "texture": "#barrel"
                }
            }
        },
        {
            "from": [7.25,9,7],
            "to": [11.25,11,7.25],
            "faces": {
                "west": {
                    "uv": [10,10,11,11],
                    "texture": "#barrel"
                },
                "east": {
                    "texture": "#barrel"
                },
                "south": {
                    "uv": [9,10,10,11],
                    "texture": "#barrel"
                }
            }
        },
        {
            "from": [7.25,9,7.25],
            "to": [11.25,9.25,8.75],
            "faces": {
                "up": {
                    "uv": [11,5,12,6],
                    "texture": "#barrel"
                },
                "west": {
                    "uv": [10,10,11,11],
                    "texture": "#barrel"
                },
                "east": {
                    "texture": "#barrel"
                }
            }
        },
        {
            "from": [2.5,9.25,7.25],
            "to": [7.25,10.75,8.75],
            "faces": {
                "up": {
                    "texture": "#barrel"
                },
                "down": {
                    "texture": "#barrel"
                },
                "north": {
                    "uv": [8,12,16,16],
                    "texture": "#barrel"
                },
                "south": {
                    "uv": [9,10,16,13],
                    "texture": "#barrel"
                }
            }
        },
        {
            "from": [2.5,10.5,7.25],
            "to": [7.25,10.75,8.75],
            "faces": {
                "down": {
                    "uv": [8,9,9,10],
                    "texture": "#barrel"
                },
                "west": {
                    "uv": [10,10,11,11],
                    "texture": "#barrel"
                },
                "east": {
                    "texture": "#barrel"
                }
            }
        },
        {
            "from": [2.5,9.25,7.25],
            "to": [7.25,9.5,8.75],
            "faces": {
                "up": {
                    "uv": [11,5,12,6],
                    "texture": "#barrel"
                },
                "west": {
                    "uv": [10,10,11,11],
                    "texture": "#barrel"
                },
                "east": {
                    "texture": "#barrel"
                }
            }
        },
        {
            "from": [2.5,9.5,7.25],
            "to": [7.25,10.5,7.5],
            "faces": {
                "west": {
                    "uv": [10,10,11,11],
                    "texture": "#barrel"
                },
                "east": {
                    "texture": "#barrel"
                },
                "south": {
                    "uv": [9,10,10,11],
                    "texture": "#barrel"
                }
            }
        },
        {
            "from": [2.5,9.5,8.5],
            "to": [7.25,10.5,8.75],
            "faces": {
                "west": {
                    "uv": [10,10,11,11],
                    "texture": "#barrel"
                },
                "east": {
                    "texture": "#barrel"
                },
                "north": {
                    "uv": [11,10,12,11],
                    "texture": "#barrel"
                }
            }
        },
        {
            "from": [4.5,8.75,7.75],
            "to": [5,9.25,8.25],
            "faces": {
                "up": {
                    "uv": [11,5,12,6],
                    "texture": "#barrel"
                },
                "down": {
                    "uv": [8,9,9,10],
                    "texture": "#barrel"
                },
                "west": {
                    "uv": [10,10,11,11],
                    "texture": "#barrel"
                },
                "east": {
                    "texture": "#barrel"
                },
                "north": {
                    "uv": [11,10,12,11],
                    "texture": "#barrel"
                },
                "south": {
                    "uv": [9,10,10,11],
                    "texture": "#barrel"
                }
            }
        },
        {
            "from": [10.25,8.75,7.75],
            "to": [10.75,9.25,8.25],
            "faces": {
                "up": {
                    "uv": [11,5,12,6],
                    "texture": "#barrel"
                },
                "down": {
                    "uv": [8,9,9,10],
                    "texture": "#barrel"
                },
                "west": {
                    "uv": [10,10,11,11],
                    "texture": "#barrel"
                },
                "east": {
                    "texture": "#barrel"
                },
                "north": {
                    "uv": [11,10,12,11],
                    "texture": "#barrel"
                },
                "south": {
                    "uv": [9,10,10,11],
                    "texture": "#barrel"
                }
            }
        },
        {
            "from": [14.75,9.75,7.75],
            "to": [15,10.25,8.25],
            "faces": {
                "west": {
                    "uv": [0,16,16,0],
                    "texture": "#laserdot"
                }
            }
        },
        {
            "from": [14.5,9.1,7],
            "to": [14.75,11,9],
            "faces": {
                "east": {
                    "uv": [0,0,16,16],
                    "texture": "#scope"
                }
            }
        }
    ],
    "display": {
        "thirdperson": {
            "rotation": [ -180, 86, -90 ],
        "translation": [ 0.1, 1.6, -2.8 ],
        "scale": [ 0.7, 0.7, 0.7 ]
        },
         "firstperson": {
           "rotation": [ -7.0, 50.5, 22 ],
        "translation": [ 2, 1.0 , -5 ],
        "scale": [ 3.0, 4.0, 4.0 ]
        }
    }
}